<topics>
	<topic id="overview">
		<title><![CDATA[Overview]]></title>
		<contents><![CDATA[You are using a multiuser chat with audio/video conferencing support. Here you can exchange text messages; broadcast your video; watch video streams of multiple users; create public or private rooms and even communicate one-to-one privately with any of the online chatters.]]></contents>
	</topic>
	<topic id="privateChat">
		<title><![CDATA[Private chat]]></title>
		<contents><![CDATA[Private chat allows you to chat with any of the online chat users tete-a-tete with Audio and Video streaming.<BR><BR>If you wish to invite someone to a Private chat, you should click on the member's username and choose "Request Private Chat" in the menu. A new chat room will be activated for you, but this room is available only for the two of you. The Private chat room will be automatically activated for the person you choose for this private chat and will also be automatically closed as soon as one of you leaves the Private chat room.<BR><BR>You also are able to send any file (pics, Audio or Video) to the person with whom you're chatting, View the user's profile, listen to their music and watch their video files.<BR><BR>To send the file just click on the "Send File" link next to the user's avatar, click on browse and choose the file you want to send, then click on send.<BR><BR>As soon as your chosen member switches on their web camera you can view them by clicking on "Play Video" at the left of the member's avatar. There are Pause, Stop and Play Audio buttons which will help you to control video streaming.]]></contents>
	</topic>
	<topic id="audioVideo">
		<title><![CDATA[Voice and video]]></title>
		<contents><![CDATA[This is the one of the coolest features that the modern Internet provides you with. Video streaming allows you to chat and talk using a web camera. It's wonderful to view the face of the people you talk with!<BR><BR>If you have a web camera ready to be used, go ahead! Click the Cast Video button next to your avatar in the "My Video" box and allow your camera to work. There are pause and stop video streaming buttons which will help you to control your video casting.<BR><BR>Clicking on the "Camera Settings" button  allows you to make all the necessary settings for camera and microphone.<BR><BR>As soon as you start your video casting, a "Watching Me" box appears with a list of chat users who are looking at you on your web camera.]]></contents>
	</topic>
	<topic id="rooms">
		<title><![CDATA[Rooms]]></title>
		<contents><![CDATA[Our chat allows you to create your own rooms and make it Password Protected (by setting up a password for the use of selected members) or public (will be available for all the members).<BR><BR><FONT COLOR="#333399"><B>Private room</B></FONT><BR><BR>The Password protected room will be available for those who the room creator has invited and provided with the password. You can discuss things in private there and be assured that no uninvited persons will see your discussion.<BR><BR>To create this special room, just click on New Room, type a name for your room,  make  it protected by clicking the radio button next to "Password protected", set up your password (remember it) and type a description for this room.<BR><BR>As soon as the room is created, invite your friends to your protected room, but don't forget to send them the room name and your password, so they will be able to enter.<BR><BR>You can join and chat, not only in this chat room, but be present and have a fun conversation in many other rooms, as well.<BR><BR>Note please, the site administrator has the right to remove your room at any time.<BR><BR><FONT COLOR="#333399"><B>Public room</B></FONT><BR><BR>The public room is created in the same way as the Private room, there is only one option you need to set up - the radio button should be activated next to "Public". That's all, create a public room and chat there with your friends as much as you wish.]]></contents>
	</topic>
	<topic id="settings">
		<title><![CDATA[Chat settings]]></title>
		<contents><![CDATA[The "Chat Settings" button is situated on the right of the bottom toolbar. Click on it and set up your special settings for the chat. You are allowed to make the following settings: General, Sound, Fonts, Skins, Smilesets and Advanced.<BR><BR>In General settings you can:<BR><BR>Choose your native language for the chat if the site has it installed. Choose to show Time and Date, Message icons (somebody joined/left the room, sent message icon)<BR><BR><FONT COLOR="#333399"><B>Sound</B></FONT><BR><BR>Control chat sounds here or switch them off entirely by activating a "Mute" radio button.<BR><BR><FONT COLOR="#333399"><B>Fonts</B></FONT><BR><BR>Choose fonts and font sizes for your text messages.<BR><BR><FONT COLOR="#333399"><B>Skins</B></FONT><BR><BR>Choose the skin you like for the Chat if they are installed on this site.<BR><BR><FONT COLOR="#333399"><B>Smilesets</B></FONT><BR><BR>Choose the smilesets to express your emotions while having fun conversations.<BR><BR><FONT COLOR="#333399"><B>Advanced</B></FONT><BR><BR>Make all the necessary settings for your web camera to be able to use it on this website chat.<BR><BR>Don't forget to click on "Apply" and save your settings.]]></contents>
	</topic>
	<topic id="privacy">
		<title><![CDATA[Your privacy]]></title>
		<contents><![CDATA[We respect your desire to keep some dialogues/conversations secret. Therefore, if you do not wish to take part in common/public chat, and would like to have a separate conversation (where you probably will share your contact data, real name etc. ) with some of the online chat users, you have to invite this chat user to a <a href="event:privateChat"><FONT COLOR="#333399"><B><U>Private Chat</U></B></FONT></a> or you can create one that is "<a href="event:rooms"><FONT COLOR="#333399"><B>Password Protected</B></FONT></a>". All messages sent by users of a chat in the protected room or in private chat - are available  to the user whom you have chosen for a private chat or to users whom you have provided with the password from your room only (if they are present in the room). To all other chat users, these dialogues are not visible. ]]></contents>
	</topic>
	<topic id="troubles">
		<title><![CDATA[Troubleshooting]]></title>
		<contents><![CDATA[<FONT COLOR="#333399"><B>1 What if I lost the password from to my Private room?</B></FONT><BR>There are three ways to restore it:<BR>1 Check your sent messages box, you probably invited someone and provided them with the password.<BR>2 Ask your friends whom you invited to your room.<BR>3 Contact the site administrator and ask them to provide you with the password.<BR><BR>Extraordinary (radical) solution - Contact the site administrator and ask him to remove your room and create a new one.<BR><BR><FONT COLOR="#333399"><B>2 Which additional plugins should you have to be able to use the chat?</B></FONT><BR>The most important plugin is a <a href="http://www.macromedia.com/go/getflashplayer" target="_blank"><FONT COLOR="#333399"><B><U>Flash Player</U></B></FONT></a>  version 9.0 or higher.]]></contents>
	</topic>
	<topic id="about">
		<title><![CDATA[About]]></title>
		<contents><![CDATA[This chat software has been developed and provided by <a href="http://www.boonex.com/" target="_blank"><FONT COLOR="#333399"><B><U>BoonEx</U></B></FONT></a> Pty Ltd. Community Software Experts. BoonEx Pty Ltd. is gradually implementing a long-term plan of company development in the market of Information Technologies. Currently, BoonEx Pty Ltd. runs several commercial websites and serves customers from all over the world. BoonEx is focused on community software only and is often recognized as the leader in the community software industry. <a href="http://www.boonex.com/products/ray/" target="_blank"><FONT COLOR="#333399"><B><U>Ray Community Widget Suite</U></B></FONT></a>, <a href="http://www.boonex.com/products/dolphin/" target="_blank"><FONT COLOR="#333399"><B><U>Dolphin Smart Community Builder</U></B></FONT></a>, <a href="http://www.boonex.com/products/orca/" target="_blank"><FONT COLOR="#333399"><B><U>Orca Interactive Forum script</U></B></FONT></a> and <a href="http://www.boonex.com/products/shark/" target="_blank"><FONT COLOR="#333399"><B><U>Shark Enterprise Community Platform</U></B></FONT></a> are well known BoonEx products.<br><br>If you have any interesting ideas or suggestions which will significantly improve the functionality and usability of this chat, you are welcome to contact your site administrator who knows how to contact us.]]></contents>
	</topic>
</topics>